{"_timestamp":1.752997036939231e+09,"losses/q_values":-1.0256612,"charts/SPS":301,"_wandb":{"runtime":431},"_runtime":431,"_step":881,"losses/td_loss":0.10331002,"global_step":109400}